{"cameraMode":{"drawMode":0,"name":"Shaded","section":"Shading Mode"},"sceneLighting":true,"audioPlay":false,"sceneViewState":{"m_AlwaysRefresh":false,"showFog":true,"showSkybox":true,"showFlares":true,"showImageEffects":true,"showParticleSystems":true,"showVisualEffectGraphs":true,"m_FxEnabled":true},"in2DMode":false,"pivot":{"x":100.22840118408203,"y":16.556468963623048,"z":100.5821762084961},"rotation":{"x":0.007480492815375328,"y":0.9909478425979614,"z":-0.06251048296689987,"w":0.1185789406299591},"size":5.05705451965332,"orthographic":false}